Taxonomy,Individual,Grouping,Classification,Category
101Y00000X,1,Behavioral Health & Social Service Providers,Counselor,Other provider
101YA0400X,1,Behavioral Health & Social Service Providers,Counselor,Other provider
101YM0800X,1,Behavioral Health & Social Service Providers,Counselor,Other provider
101YP1600X,1,Behavioral Health & Social Service Providers,Counselor,Other provider
101YP2500X,1,Behavioral Health & Social Service Providers,Counselor,Other provider
101YS0200X,1,Behavioral Health & Social Service Providers,Counselor,Other provider
102L00000X,1,Behavioral Health & Social Service Providers,Psychoanalyst,Other provider
102X00000X,1,Behavioral Health & Social Service Providers,Poetry Therapist,0
103G00000X,1,Behavioral Health & Social Service Providers,Clinical Neuropsychologist,Other provider
103GC0700X,1,Behavioral Health & Social Service Providers,Clinical Neuropsychologist,Other provider
103K00000X,1,Behavioral Health & Social Service Providers,Behavioral Analyst,Other provider
103T00000X,1,Behavioral Health & Social Service Providers,Psychologist,Other provider
103TA0400X,1,Behavioral Health & Social Service Providers,Psychologist,Other provider
103TA0700X,1,Behavioral Health & Social Service Providers,Psychologist,Other provider
103TB0200X,1,Behavioral Health & Social Service Providers,Psychologist,Other provider
103TC0700X,1,Behavioral Health & Social Service Providers,Psychologist,Other provider
103TC1900X,1,Behavioral Health & Social Service Providers,Psychologist,Other provider
103TC2200X,1,Behavioral Health & Social Service Providers,Psychologist,Other provider
103TE1000X,1,Behavioral Health & Social Service Providers,Psychologist,Other provider
103TE1100X,1,Behavioral Health & Social Service Providers,Psychologist,Other provider
103TF0000X,1,Behavioral Health & Social Service Providers,Psychologist,Other provider
103TF0200X,1,Behavioral Health & Social Service Providers,Psychologist,Other provider
103TH0004X,1,Behavioral Health & Social Service Providers,Psychologist,Other provider
103TH0100X,1,Behavioral Health & Social Service Providers,Psychologist,Other provider
103TM1700X,1,Behavioral Health & Social Service Providers,Psychologist,Other provider
103TM1800X,1,Behavioral Health & Social Service Providers,Psychologist,Other provider
103TP0016X,1,Behavioral Health & Social Service Providers,Psychologist,Other provider
103TP0814X,1,Behavioral Health & Social Service Providers,Psychologist,Other provider
103TP2700X,1,Behavioral Health & Social Service Providers,Psychologist,Other provider
103TP2701X,1,Behavioral Health & Social Service Providers,Psychologist,Other provider
103TR0400X,1,Behavioral Health & Social Service Providers,Psychologist,Other provider
103TS0200X,1,Behavioral Health & Social Service Providers,Psychologist,Other provider
103TW0100X,1,Behavioral Health & Social Service Providers,Psychologist,Other provider
104100000X,1,Behavioral Health & Social Service Providers,Social Worker,Other provider
1041C0700X,1,Behavioral Health & Social Service Providers,Social Worker,Other provider
1041S0200X,1,Behavioral Health & Social Service Providers,Social Worker,Other provider
106E00000X,1,Behavioral Health & Social Service Providers,Assistant Behavior Analyst,Other provider
106H00000X,1,Behavioral Health & Social Service Providers,Marriage & Family Therapist,Other provider
106S00000X,1,Behavioral Health & Social Service Providers,Behavior Technician,Other provider
111N00000X,1,Chiropractic Providers,Chiropractor,Other provider
111NI0013X,1,Chiropractic Providers,Chiropractor,Other provider
111NI0900X,1,Chiropractic Providers,Chiropractor,Other provider
111NN0400X,1,Chiropractic Providers,Chiropractor,Other provider
111NN1001X,1,Chiropractic Providers,Chiropractor,Other provider
111NP0017X,1,Chiropractic Providers,Chiropractor,Other provider
111NR0200X,1,Chiropractic Providers,Chiropractor,Other provider
111NR0400X,1,Chiropractic Providers,Chiropractor,Other provider
111NS0005X,1,Chiropractic Providers,Chiropractor,Other provider
111NT0100X,1,Chiropractic Providers,Chiropractor,Other provider
111NX0100X,1,Chiropractic Providers,Chiropractor,Other provider
111NX0800X,1,Chiropractic Providers,Chiropractor,Other provider
122300000X,1,Dental Providers,Dentist,Other provider
1223D0001X,1,Dental Providers,Dentist,Other provider
1223D0004X,1,Dental Providers,Dentist,Other provider
1223E0200X,1,Dental Providers,Dentist,Other provider
1223G0001X,1,Dental Providers,Dentist,Other provider
1223P0106X,1,Dental Providers,Dentist,Other provider
1223P0221X,1,Dental Providers,Dentist,Other provider
1223P0300X,1,Dental Providers,Dentist,Other provider
1223P0700X,1,Dental Providers,Dentist,Other provider
1223S0112X,1,Dental Providers,Dentist,Other provider
1223X0008X,1,Dental Providers,Dentist,Other provider
1223X0400X,1,Dental Providers,Dentist,Other provider
122400000X,1,Dental Providers,Denturist,Other provider
124Q00000X,1,Dental Providers,Dental Hygienist,Other provider
125J00000X,1,Dental Providers,Dental Therapist,Other provider
125K00000X,1,Dental Providers,Advanced Practice Dental Therapist,Other provider
125Q00000X,1,Dental Providers,Oral Medicinist,Other provider
126800000X,1,Dental Providers,Dental Assistant,Other provider
126900000X,1,Dental Providers,Dental Laboratory Technician,Other provider
132700000X,1,Dietary & Nutritional Service Providers,Dietary Manager,Other provider
133N00000X,1,Dietary & Nutritional Service Providers,Nutritionist,Other provider
133NN1002X,1,Dietary & Nutritional Service Providers,Nutritionist,Other provider
133V00000X,1,Dietary & Nutritional Service Providers,"Dietitian, Registered",Other provider
133VN1004X,1,Dietary & Nutritional Service Providers,"Dietitian, Registered",Other provider
133VN1005X,1,Dietary & Nutritional Service Providers,"Dietitian, Registered",Other provider
133VN1006X,1,Dietary & Nutritional Service Providers,"Dietitian, Registered",Other provider
136A00000X,1,Dietary & Nutritional Service Providers,"Dietetic Technician, Registered",Other provider
146D00000X,1,Emergency Medical Service Providers,Personal Emergency Response Attendant,Other provider
146L00000X,1,Emergency Medical Service Providers,"Emergency Medical Technician, Paramedic",Other provider
146M00000X,1,Emergency Medical Service Providers,"Emergency Medical Technician, Intermediate",Other provider
146N00000X,1,Emergency Medical Service Providers,"Emergency Medical Technician, Basic",Other provider
152W00000X,1,Eye and Vision Services Providers,Optometrist,Other provider
152WC0802X,1,Eye and Vision Services Providers,Optometrist,Other provider
152WL0500X,1,Eye and Vision Services Providers,Optometrist,Other provider
152WP0200X,1,Eye and Vision Services Providers,Optometrist,Other provider
152WS0006X,1,Eye and Vision Services Providers,Optometrist,Other provider
152WV0400X,1,Eye and Vision Services Providers,Optometrist,Other provider
152WX0102X,1,Eye and Vision Services Providers,Optometrist,Other provider
156F00000X,1,Eye and Vision Services Providers,Technician/Technologist,Other provider
156FC0800X,1,Eye and Vision Services Providers,Technician/Technologist,Other provider
156FC0801X,1,Eye and Vision Services Providers,Technician/Technologist,Other provider
156FX1100X,1,Eye and Vision Services Providers,Technician/Technologist,Other provider
156FX1101X,1,Eye and Vision Services Providers,Technician/Technologist,Other provider
156FX1201X,1,Eye and Vision Services Providers,Technician/Technologist,Other provider
156FX1202X,1,Eye and Vision Services Providers,Technician/Technologist,Other provider
156FX1700X,1,Eye and Vision Services Providers,Technician/Technologist,Other provider
156FX1800X,1,Eye and Vision Services Providers,Technician/Technologist,Other provider
156FX1900X,1,Eye and Vision Services Providers,Technician/Technologist,Other provider
163W00000X,1,Nursing Service Providers,Registered Nurse,Other provider
163WA0400X,1,Nursing Service Providers,Registered Nurse,Other provider
163WA2000X,1,Nursing Service Providers,Registered Nurse,Other provider
163WC0200X,1,Nursing Service Providers,Registered Nurse,Other provider
163WC0400X,1,Nursing Service Providers,Registered Nurse,Other provider
163WC1400X,1,Nursing Service Providers,Registered Nurse,Other provider
163WC1500X,1,Nursing Service Providers,Registered Nurse,Other provider
163WC1600X,1,Nursing Service Providers,Registered Nurse,Other provider
163WC2100X,1,Nursing Service Providers,Registered Nurse,Other provider
163WC3500X,1,Nursing Service Providers,Registered Nurse,Other provider
163WD0400X,1,Nursing Service Providers,Registered Nurse,Other provider
163WD1100X,1,Nursing Service Providers,Registered Nurse,Other provider
163WE0003X,1,Nursing Service Providers,Registered Nurse,Other provider
163WE0900X,1,Nursing Service Providers,Registered Nurse,Other provider
163WF0300X,1,Nursing Service Providers,Registered Nurse,Other provider
163WG0000X,1,Nursing Service Providers,Registered Nurse,Other provider
163WG0100X,1,Nursing Service Providers,Registered Nurse,Other provider
163WG0600X,1,Nursing Service Providers,Registered Nurse,Other provider
163WH0200X,1,Nursing Service Providers,Registered Nurse,Other provider
163WH0500X,1,Nursing Service Providers,Registered Nurse,Other provider
163WH1000X,1,Nursing Service Providers,Registered Nurse,Other provider
163WI0500X,1,Nursing Service Providers,Registered Nurse,Other provider
163WI0600X,1,Nursing Service Providers,Registered Nurse,Other provider
163WL0100X,1,Nursing Service Providers,Registered Nurse,Other provider
163WM0102X,1,Nursing Service Providers,Registered Nurse,Other provider
163WM0705X,1,Nursing Service Providers,Registered Nurse,Other provider
163WM1400X,1,Nursing Service Providers,Registered Nurse,Other provider
163WN0002X,1,Nursing Service Providers,Registered Nurse,Other provider
163WN0003X,1,Nursing Service Providers,Registered Nurse,Other provider
163WN0300X,1,Nursing Service Providers,Registered Nurse,Other provider
163WN0800X,1,Nursing Service Providers,Registered Nurse,Other provider
163WN1003X,1,Nursing Service Providers,Registered Nurse,Other provider
163WP0000X,1,Nursing Service Providers,Registered Nurse,Other provider
163WP0200X,1,Nursing Service Providers,Registered Nurse,Other provider
163WP0218X,1,Nursing Service Providers,Registered Nurse,Other provider
163WP0807X,1,Nursing Service Providers,Registered Nurse,Other provider
163WP0808X,1,Nursing Service Providers,Registered Nurse,Other provider
163WP0809X,1,Nursing Service Providers,Registered Nurse,Other provider
163WP1700X,1,Nursing Service Providers,Registered Nurse,Other provider
163WP2201X,1,Nursing Service Providers,Registered Nurse,Other provider
163WR0006X,1,Nursing Service Providers,Registered Nurse,Other provider
163WR0400X,1,Nursing Service Providers,Registered Nurse,Other provider
163WR1000X,1,Nursing Service Providers,Registered Nurse,Other provider
163WS0121X,1,Nursing Service Providers,Registered Nurse,Other provider
163WS0200X,1,Nursing Service Providers,Registered Nurse,Other provider
163WU0100X,1,Nursing Service Providers,Registered Nurse,Other provider
163WW0000X,1,Nursing Service Providers,Registered Nurse,Other provider
163WW0101X,1,Nursing Service Providers,Registered Nurse,Other provider
163WX0002X,1,Nursing Service Providers,Registered Nurse,Other provider
163WX0003X,1,Nursing Service Providers,Registered Nurse,Other provider
163WX0106X,1,Nursing Service Providers,Registered Nurse,Other provider
163WX0200X,1,Nursing Service Providers,Registered Nurse,Other provider
163WX0601X,1,Nursing Service Providers,Registered Nurse,Other provider
163WX0800X,1,Nursing Service Providers,Registered Nurse,Other provider
163WX1100X,1,Nursing Service Providers,Registered Nurse,Other provider
163WX1500X,1,Nursing Service Providers,Registered Nurse,Other provider
164W00000X,1,Nursing Service Providers,Licensed Practical Nurse,Other provider
164X00000X,1,Nursing Service Providers,Licensed Vocational Nurse,Other provider
167G00000X,1,Nursing Service Providers,Licensed Psychiatric Technician,Other provider
170100000X,1,Other Service Providers,"Medical Genetics, Ph.D. Medical Genetics",Other provider
170300000X,1,Other Service Providers,"Genetic Counselor, MS",Other provider
171000000X,1,Other Service Providers,Military Health Care Provider,Other provider
1710I1002X,1,Other Service Providers,Military Health Care Provider,Other provider
1710I1003X,1,Other Service Providers,Military Health Care Provider,Other provider
171100000X,1,Other Service Providers,Acupuncturist,Other provider
171M00000X,1,Other Service Providers,Case Manager/Care Coordinator,Other provider
171R00000X,1,Other Service Providers,Interpreter,0
171W00000X,1,Other Service Providers,Contractor,Other provider
171WH0202X,1,Other Service Providers,Contractor,Other provider
171WV0202X,1,Other Service Providers,Contractor,Other provider
172A00000X,1,Other Service Providers,Driver,0
172M00000X,1,Other Service Providers,Mechanotherapist,Other provider
172P00000X,1,Other Service Providers,Naprapath,Other provider
172V00000X,1,Other Service Providers,Community Health Worker,Other provider
173000000X,1,Other Service Providers,Legal Medicine,Other provider
173C00000X,1,Other Service Providers,Reflexologist,Other provider
173F00000X,1,Other Service Providers,"Sleep Specialist, PhD",Other provider
174200000X,0,Other Service Providers,Meals,0
174400000X,1,Other Service Providers,Specialist,Other provider
1744G0900X,1,Other Service Providers,Specialist,Other provider
1744P3200X,1,Other Service Providers,Specialist,Other provider
1744R1102X,1,Other Service Providers,Specialist,Other provider
1744R1103X,1,Other Service Providers,Specialist,Other provider
174H00000X,1,Other Service Providers,Health Educator,Other provider
174M00000X,1,Other Service Providers,Veterinarian,0
174MM1900X,1,Other Service Providers,Veterinarian,0
174N00000X,1,Other Service Providers,"Lactation Consultant, Non-RN",Other provider
174V00000X,1,Other Service Providers,Clinical Ethicist,Other provider
175F00000X,1,Other Service Providers,Naturopath,Other provider
175L00000X,1,Other Service Providers,Homeopath,Other provider
175M00000X,1,Other Service Providers,"Midwife, Lay",Other provider
175T00000X,1,Other Service Providers,Peer Specialist,Other provider
176B00000X,1,Other Service Providers,Midwife,Other provider
176P00000X,1,Other Service Providers,Funeral Director,Other provider
177F00000X,0,Other Service Providers,Lodging,0
183500000X,1,Pharmacy Service Providers,Pharmacist,Other provider
1835C0205X,1,Pharmacy Service Providers,Pharmacist,Other provider
1835G0000X,1,Pharmacy Service Providers,Pharmacist,Other provider
1835G0303X,1,Pharmacy Service Providers,Pharmacist,Other provider
1835N0905X,1,Pharmacy Service Providers,Pharmacist,Other provider
1835N1003X,1,Pharmacy Service Providers,Pharmacist,Other provider
1835P0018X,1,Pharmacy Service Providers,Pharmacist,Other provider
1835P0200X,1,Pharmacy Service Providers,Pharmacist,Other provider
1835P1200X,1,Pharmacy Service Providers,Pharmacist,Other provider
1835P1300X,1,Pharmacy Service Providers,Pharmacist,Other provider
1835P2201X,1,Pharmacy Service Providers,Pharmacist,Other provider
1835X0200X,1,Pharmacy Service Providers,Pharmacist,Other provider
183700000X,1,Pharmacy Service Providers,Pharmacy Technician,Other provider
193200000X,1,Group,Multi-Specialty,Other provider
193400000X,1,Group,Single Specialty,Other provider
202C00000X,1,Allopathic & Osteopathic Physicians,Independent Medical Examiner,Physician
202K00000X,1,Allopathic & Osteopathic Physicians,Phlebology,Physician
204C00000X,1,Allopathic & Osteopathic Physicians,"Neuromusculoskeletal Medicine, Sports Medicine",Physician
204D00000X,1,Allopathic & Osteopathic Physicians,Neuromusculoskeletal Medicine & OMM,Physician
204E00000X,1,Allopathic & Osteopathic Physicians,Oral & Maxillofacial Surgery,Physician
204F00000X,1,Allopathic & Osteopathic Physicians,Transplant Surgery,Physician
204R00000X,1,Allopathic & Osteopathic Physicians,Electrodiagnostic Medicine,Physician
207K00000X,1,Allopathic & Osteopathic Physicians,Allergy & Immunology,Physician
207KA0200X,1,Allopathic & Osteopathic Physicians,Allergy & Immunology,Physician
207KI0005X,1,Allopathic & Osteopathic Physicians,Allergy & Immunology,Physician
207L00000X,1,Allopathic & Osteopathic Physicians,Anesthesiology,Physician
207LA0401X,1,Allopathic & Osteopathic Physicians,Anesthesiology,Physician
207LC0200X,1,Allopathic & Osteopathic Physicians,Anesthesiology,Physician
207LH0002X,1,Allopathic & Osteopathic Physicians,Anesthesiology,Physician
207LP2900X,1,Allopathic & Osteopathic Physicians,Anesthesiology,Physician
207LP3000X,1,Allopathic & Osteopathic Physicians,Anesthesiology,Physician
207N00000X,1,Allopathic & Osteopathic Physicians,Dermatology,Physician
207ND0101X,1,Allopathic & Osteopathic Physicians,Dermatology,Physician
207ND0900X,1,Allopathic & Osteopathic Physicians,Dermatology,Physician
207NI0002X,1,Allopathic & Osteopathic Physicians,Dermatology,Physician
207NP0225X,1,Allopathic & Osteopathic Physicians,Dermatology,Physician
207NS0135X,1,Allopathic & Osteopathic Physicians,Dermatology,Physician
207P00000X,1,Allopathic & Osteopathic Physicians,Emergency Medicine,Physician
207PE0004X,1,Allopathic & Osteopathic Physicians,Emergency Medicine,Physician
207PE0005X,1,Allopathic & Osteopathic Physicians,Emergency Medicine,Physician
207PH0002X,1,Allopathic & Osteopathic Physicians,Emergency Medicine,Physician
207PP0204X,1,Allopathic & Osteopathic Physicians,Emergency Medicine,Physician
207PS0010X,1,Allopathic & Osteopathic Physicians,Emergency Medicine,Physician
207PT0002X,1,Allopathic & Osteopathic Physicians,Emergency Medicine,Physician
207Q00000X,1,Allopathic & Osteopathic Physicians,Family Medicine,Physician
207QA0000X,1,Allopathic & Osteopathic Physicians,Family Medicine,Physician
207QA0401X,1,Allopathic & Osteopathic Physicians,Family Medicine,Physician
207QA0505X,1,Allopathic & Osteopathic Physicians,Family Medicine,Physician
207QB0002X,1,Allopathic & Osteopathic Physicians,Family Medicine,Physician
207QG0300X,1,Allopathic & Osteopathic Physicians,Family Medicine,Physician
207QH0002X,1,Allopathic & Osteopathic Physicians,Family Medicine,Physician
207QS0010X,1,Allopathic & Osteopathic Physicians,Family Medicine,Physician
207QS1201X,1,Allopathic & Osteopathic Physicians,Family Medicine,Physician
207R00000X,1,Allopathic & Osteopathic Physicians,Internal Medicine,Physician
207RA0000X,1,Allopathic & Osteopathic Physicians,Internal Medicine,Physician
207RA0001X,1,Allopathic & Osteopathic Physicians,Internal Medicine,Physician
207RA0201X,1,Allopathic & Osteopathic Physicians,Internal Medicine,Physician
207RA0401X,1,Allopathic & Osteopathic Physicians,Internal Medicine,Physician
207RB0002X,1,Allopathic & Osteopathic Physicians,Internal Medicine,Physician
207RC0000X,1,Allopathic & Osteopathic Physicians,Internal Medicine,Physician
207RC0001X,1,Allopathic & Osteopathic Physicians,Internal Medicine,Physician
207RC0200X,1,Allopathic & Osteopathic Physicians,Internal Medicine,Physician
207RE0101X,1,Allopathic & Osteopathic Physicians,Internal Medicine,Physician
207RG0100X,1,Allopathic & Osteopathic Physicians,Internal Medicine,Physician
207RG0300X,1,Allopathic & Osteopathic Physicians,Internal Medicine,Physician
207RH0000X,1,Allopathic & Osteopathic Physicians,Internal Medicine,Physician
207RH0002X,1,Allopathic & Osteopathic Physicians,Internal Medicine,Physician
207RH0003X,1,Allopathic & Osteopathic Physicians,Internal Medicine,Physician
207RH0005X,1,Allopathic & Osteopathic Physicians,Internal Medicine,Physician
207RI0001X,1,Allopathic & Osteopathic Physicians,Internal Medicine,Physician
207RI0008X,1,Allopathic & Osteopathic Physicians,Internal Medicine,Physician
207RI0011X,1,Allopathic & Osteopathic Physicians,Internal Medicine,Physician
207RI0200X,1,Allopathic & Osteopathic Physicians,Internal Medicine,Physician
207RM1200X,1,Allopathic & Osteopathic Physicians,Internal Medicine,Physician
207RN0300X,1,Allopathic & Osteopathic Physicians,Internal Medicine,Physician
207RP1001X,1,Allopathic & Osteopathic Physicians,Internal Medicine,Physician
207RR0500X,1,Allopathic & Osteopathic Physicians,Internal Medicine,Physician
207RS0010X,1,Allopathic & Osteopathic Physicians,Internal Medicine,Physician
207RS0012X,1,Allopathic & Osteopathic Physicians,Internal Medicine,Physician
207RT0003X,1,Allopathic & Osteopathic Physicians,Internal Medicine,Physician
207RX0202X,1,Allopathic & Osteopathic Physicians,Internal Medicine,Physician
207SC0300X,1,Allopathic & Osteopathic Physicians,Medical Genetics,Physician
207SG0201X,1,Allopathic & Osteopathic Physicians,Medical Genetics,Physician
207SG0202X,1,Allopathic & Osteopathic Physicians,Medical Genetics,Physician
207SG0203X,1,Allopathic & Osteopathic Physicians,Medical Genetics,Physician
207SG0205X,1,Allopathic & Osteopathic Physicians,Medical Genetics,Physician
207SM0001X,1,Allopathic & Osteopathic Physicians,Medical Genetics,Physician
207T00000X,1,Allopathic & Osteopathic Physicians,Neurological Surgery,Physician
207U00000X,1,Allopathic & Osteopathic Physicians,Nuclear Medicine,Physician
207UN0901X,1,Allopathic & Osteopathic Physicians,Nuclear Medicine,Physician
207UN0902X,1,Allopathic & Osteopathic Physicians,Nuclear Medicine,Physician
207UN0903X,1,Allopathic & Osteopathic Physicians,Nuclear Medicine,Physician
207V00000X,1,Allopathic & Osteopathic Physicians,Obstetrics & Gynecology,Physician
207VB0002X,1,Allopathic & Osteopathic Physicians,Obstetrics & Gynecology,Physician
207VC0200X,1,Allopathic & Osteopathic Physicians,Obstetrics & Gynecology,Physician
207VE0102X,1,Allopathic & Osteopathic Physicians,Obstetrics & Gynecology,Physician
207VF0040X,1,Allopathic & Osteopathic Physicians,Obstetrics & Gynecology,Physician
207VG0400X,1,Allopathic & Osteopathic Physicians,Obstetrics & Gynecology,Physician
207VH0002X,1,Allopathic & Osteopathic Physicians,Obstetrics & Gynecology,Physician
207VM0101X,1,Allopathic & Osteopathic Physicians,Obstetrics & Gynecology,Physician
207VX0000X,1,Allopathic & Osteopathic Physicians,Obstetrics & Gynecology,Physician
207VX0201X,1,Allopathic & Osteopathic Physicians,Obstetrics & Gynecology,Physician
207W00000X,1,Allopathic & Osteopathic Physicians,Ophthalmology,Physician
207WX0009X,1,Allopathic & Osteopathic Physicians,Ophthalmology,Physician
207WX0107X,1,Allopathic & Osteopathic Physicians,Ophthalmology,Physician
207WX0108X,1,Allopathic & Osteopathic Physicians,Ophthalmology,Physician
207WX0200X,1,Allopathic & Osteopathic Physicians,Ophthalmology,Physician
207X00000X,1,Allopathic & Osteopathic Physicians,Orthopaedic Surgery,Physician
207XP3100X,1,Allopathic & Osteopathic Physicians,Orthopaedic Surgery,Physician
207XS0106X,1,Allopathic & Osteopathic Physicians,Orthopaedic Surgery,Physician
207XS0114X,1,Allopathic & Osteopathic Physicians,Orthopaedic Surgery,Physician
207XS0117X,1,Allopathic & Osteopathic Physicians,Orthopaedic Surgery,Physician
207XX0004X,1,Allopathic & Osteopathic Physicians,Orthopaedic Surgery,Physician
207XX0005X,1,Allopathic & Osteopathic Physicians,Orthopaedic Surgery,Physician
207XX0801X,1,Allopathic & Osteopathic Physicians,Orthopaedic Surgery,Physician
207Y00000X,1,Allopathic & Osteopathic Physicians,Otolaryngology,Physician
207YP0228X,1,Allopathic & Osteopathic Physicians,Otolaryngology,Physician
207YS0012X,1,Allopathic & Osteopathic Physicians,Otolaryngology,Physician
207YS0123X,1,Allopathic & Osteopathic Physicians,Otolaryngology,Physician
207YX0007X,1,Allopathic & Osteopathic Physicians,Otolaryngology,Physician
207YX0602X,1,Allopathic & Osteopathic Physicians,Otolaryngology,Physician
207YX0901X,1,Allopathic & Osteopathic Physicians,Otolaryngology,Physician
207YX0905X,1,Allopathic & Osteopathic Physicians,Otolaryngology,Physician
207ZB0001X,1,Allopathic & Osteopathic Physicians,Pathology,Physician
207ZC0006X,1,Allopathic & Osteopathic Physicians,Pathology,Physician
207ZC0008X,1,Allopathic & Osteopathic Physicians,Pathology,Physician
207ZC0500X,1,Allopathic & Osteopathic Physicians,Pathology,Physician
207ZD0900X,1,Allopathic & Osteopathic Physicians,Pathology,Physician
207ZF0201X,1,Allopathic & Osteopathic Physicians,Pathology,Physician
207ZH0000X,1,Allopathic & Osteopathic Physicians,Pathology,Physician
207ZI0100X,1,Allopathic & Osteopathic Physicians,Pathology,Physician
207ZM0300X,1,Allopathic & Osteopathic Physicians,Pathology,Physician
207ZN0500X,1,Allopathic & Osteopathic Physicians,Pathology,Physician
207ZP0007X,1,Allopathic & Osteopathic Physicians,Pathology,Physician
207ZP0101X,1,Allopathic & Osteopathic Physicians,Pathology,Physician
207ZP0102X,1,Allopathic & Osteopathic Physicians,Pathology,Physician
207ZP0104X,1,Allopathic & Osteopathic Physicians,Pathology,Physician
207ZP0105X,1,Allopathic & Osteopathic Physicians,Pathology,Physician
207ZP0213X,1,Allopathic & Osteopathic Physicians,Pathology,0
208000000X,1,Allopathic & Osteopathic Physicians,Pediatrics,0
2080A0000X,1,Allopathic & Osteopathic Physicians,Pediatrics,0
2080B0002X,1,Allopathic & Osteopathic Physicians,Pediatrics,0
2080C0008X,1,Allopathic & Osteopathic Physicians,Pediatrics,0
2080H0002X,1,Allopathic & Osteopathic Physicians,Pediatrics,0
2080I0007X,1,Allopathic & Osteopathic Physicians,Pediatrics,0
2080N0001X,1,Allopathic & Osteopathic Physicians,Pediatrics,0
2080P0006X,1,Allopathic & Osteopathic Physicians,Pediatrics,0
2080P0008X,1,Allopathic & Osteopathic Physicians,Pediatrics,0
2080P0201X,1,Allopathic & Osteopathic Physicians,Pediatrics,0
2080P0202X,1,Allopathic & Osteopathic Physicians,Pediatrics,0
2080P0203X,1,Allopathic & Osteopathic Physicians,Pediatrics,0
2080P0204X,1,Allopathic & Osteopathic Physicians,Pediatrics,0
2080P0205X,1,Allopathic & Osteopathic Physicians,Pediatrics,0
2080P0206X,1,Allopathic & Osteopathic Physicians,Pediatrics,0
2080P0207X,1,Allopathic & Osteopathic Physicians,Pediatrics,0
2080P0208X,1,Allopathic & Osteopathic Physicians,Pediatrics,0
2080P0210X,1,Allopathic & Osteopathic Physicians,Pediatrics,0
2080P0214X,1,Allopathic & Osteopathic Physicians,Pediatrics,0
2080P0216X,1,Allopathic & Osteopathic Physicians,Pediatrics,0
2080S0010X,1,Allopathic & Osteopathic Physicians,Pediatrics,0
2080S0012X,1,Allopathic & Osteopathic Physicians,Pediatrics,0
2080T0002X,1,Allopathic & Osteopathic Physicians,Pediatrics,0
2080T0004X,1,Allopathic & Osteopathic Physicians,Pediatrics,0
208100000X,1,Allopathic & Osteopathic Physicians,Physical Medicine & Rehabilitation,Physician
2081H0002X,1,Allopathic & Osteopathic Physicians,Physical Medicine & Rehabilitation,Physician
2081N0008X,1,Allopathic & Osteopathic Physicians,Physical Medicine & Rehabilitation,Physician
2081P0004X,1,Allopathic & Osteopathic Physicians,Physical Medicine & Rehabilitation,Physician
2081P0010X,1,Allopathic & Osteopathic Physicians,Physical Medicine & Rehabilitation,Physician
2081P0301X,1,Allopathic & Osteopathic Physicians,Physical Medicine & Rehabilitation,Physician
2081P2900X,1,Allopathic & Osteopathic Physicians,Physical Medicine & Rehabilitation,Physician
2081S0010X,1,Allopathic & Osteopathic Physicians,Physical Medicine & Rehabilitation,Physician
208200000X,1,Allopathic & Osteopathic Physicians,Plastic Surgery,Physician
2082S0099X,1,Allopathic & Osteopathic Physicians,Plastic Surgery,Physician
2082S0105X,1,Allopathic & Osteopathic Physicians,Plastic Surgery,Physician
2083A0100X,1,Allopathic & Osteopathic Physicians,Preventive Medicine,Physician
2083B0002X,1,Allopathic & Osteopathic Physicians,Preventive Medicine,Physician
2083C0008X,1,Allopathic & Osteopathic Physicians,Preventive Medicine,Physician
2083P0011X,1,Allopathic & Osteopathic Physicians,Preventive Medicine,Physician
2083P0500X,1,Allopathic & Osteopathic Physicians,Preventive Medicine,Physician
2083P0901X,1,Allopathic & Osteopathic Physicians,Preventive Medicine,Physician
2083S0010X,1,Allopathic & Osteopathic Physicians,Preventive Medicine,Physician
2083T0002X,1,Allopathic & Osteopathic Physicians,Preventive Medicine,Physician
2083X0100X,1,Allopathic & Osteopathic Physicians,Preventive Medicine,Physician
2084A0401X,1,Allopathic & Osteopathic Physicians,Psychiatry & Neurology,Physician
2084A2900X,1,Allopathic & Osteopathic Physicians,Psychiatry & Neurology,Physician
2084B0002X,1,Allopathic & Osteopathic Physicians,Psychiatry & Neurology,Physician
2084B0040X,1,Allopathic & Osteopathic Physicians,Psychiatry & Neurology,Physician
2084D0003X,1,Allopathic & Osteopathic Physicians,Psychiatry & Neurology,Physician
2084F0202X,1,Allopathic & Osteopathic Physicians,Psychiatry & Neurology,Physician
2084H0002X,1,Allopathic & Osteopathic Physicians,Psychiatry & Neurology,Physician
2084N0008X,1,Allopathic & Osteopathic Physicians,Psychiatry & Neurology,Physician
2084N0400X,1,Allopathic & Osteopathic Physicians,Psychiatry & Neurology,Physician
2084N0402X,1,Allopathic & Osteopathic Physicians,Psychiatry & Neurology,Physician
2084N0600X,1,Allopathic & Osteopathic Physicians,Psychiatry & Neurology,Physician
2084P0005X,1,Allopathic & Osteopathic Physicians,Psychiatry & Neurology,Physician
2084P0015X,1,Allopathic & Osteopathic Physicians,Psychiatry & Neurology,Physician
2084P0301X,1,Allopathic & Osteopathic Physicians,Psychiatry & Neurology,Physician
2084P0800X,1,Allopathic & Osteopathic Physicians,Psychiatry & Neurology,Physician
2084P0802X,1,Allopathic & Osteopathic Physicians,Psychiatry & Neurology,Physician
2084P0804X,1,Allopathic & Osteopathic Physicians,Psychiatry & Neurology,Physician
2084P0805X,1,Allopathic & Osteopathic Physicians,Psychiatry & Neurology,Physician
2084P2900X,1,Allopathic & Osteopathic Physicians,Psychiatry & Neurology,Physician
2084S0010X,1,Allopathic & Osteopathic Physicians,Psychiatry & Neurology,Physician
2084S0012X,1,Allopathic & Osteopathic Physicians,Psychiatry & Neurology,Physician
2084V0102X,1,Allopathic & Osteopathic Physicians,Psychiatry & Neurology,Physician
2085B0100X,1,Allopathic & Osteopathic Physicians,Radiology,Physician
2085D0003X,1,Allopathic & Osteopathic Physicians,Radiology,Physician
2085H0002X,1,Allopathic & Osteopathic Physicians,Radiology,Physician
2085N0700X,1,Allopathic & Osteopathic Physicians,Radiology,Physician
2085N0904X,1,Allopathic & Osteopathic Physicians,Radiology,Physician
2085P0229X,1,Allopathic & Osteopathic Physicians,Radiology,Physician
2085R0001X,1,Allopathic & Osteopathic Physicians,Radiology,Physician
2085R0202X,1,Allopathic & Osteopathic Physicians,Radiology,Physician
2085R0203X,1,Allopathic & Osteopathic Physicians,Radiology,Physician
2085R0204X,1,Allopathic & Osteopathic Physicians,Radiology,Physician
2085R0205X,1,Allopathic & Osteopathic Physicians,Radiology,Physician
2085U0001X,1,Allopathic & Osteopathic Physicians,Radiology,Physician
208600000X,1,Allopathic & Osteopathic Physicians,Surgery,Physician
2086H0002X,1,Allopathic & Osteopathic Physicians,Surgery,Physician
2086S0102X,1,Allopathic & Osteopathic Physicians,Surgery,Physician
2086S0105X,1,Allopathic & Osteopathic Physicians,Surgery,Physician
2086S0120X,1,Allopathic & Osteopathic Physicians,Surgery,Physician
2086S0122X,1,Allopathic & Osteopathic Physicians,Surgery,Physician
2086S0127X,1,Allopathic & Osteopathic Physicians,Surgery,Physician
2086S0129X,1,Allopathic & Osteopathic Physicians,Surgery,Physician
2086X0206X,1,Allopathic & Osteopathic Physicians,Surgery,Physician
208800000X,1,Allopathic & Osteopathic Physicians,Urology,Physician
2088F0040X,1,Allopathic & Osteopathic Physicians,Urology,Physician
2088P0231X,1,Allopathic & Osteopathic Physicians,Urology,Physician
208C00000X,1,Allopathic & Osteopathic Physicians,Colon & Rectal Surgery,Physician
208D00000X,1,Allopathic & Osteopathic Physicians,General Practice,Physician
208G00000X,1,Allopathic & Osteopathic Physicians,Thoracic Surgery (Cardiothoracic Vascular Surgery),Physician
208M00000X,1,Allopathic & Osteopathic Physicians,Hospitalist,Physician
208U00000X,1,Allopathic & Osteopathic Physicians,Clinical Pharmacology,Physician
208VP0000X,1,Allopathic & Osteopathic Physicians,Pain Medicine,Physician
208VP0014X,1,Allopathic & Osteopathic Physicians,Pain Medicine,Physician
209800000X,1,Allopathic & Osteopathic Physicians,Legal Medicine,Physician
211D00000X,1,Podiatric Medicine & Surgery Service Providers,"Assistant, Podiatric",Other provider
213E00000X,1,Podiatric Medicine & Surgery Service Providers,Podiatrist,Other provider
213EG0000X,1,Podiatric Medicine & Surgery Service Providers,Podiatrist,Other provider
213EP0504X,1,Podiatric Medicine & Surgery Service Providers,Podiatrist,Other provider
213EP1101X,1,Podiatric Medicine & Surgery Service Providers,Podiatrist,Other provider
213ER0200X,1,Podiatric Medicine & Surgery Service Providers,Podiatrist,Other provider
213ES0000X,1,Podiatric Medicine & Surgery Service Providers,Podiatrist,Other provider
213ES0103X,1,Podiatric Medicine & Surgery Service Providers,Podiatrist,Other provider
213ES0131X,1,Podiatric Medicine & Surgery Service Providers,Podiatrist,Other provider
221700000X,1,"Respiratory, Developmental, Rehabilitative and Restorative Service Providers",Art Therapist,Other provider
222Q00000X,1,"Respiratory, Developmental, Rehabilitative and Restorative Service Providers",Developmental Therapist,Other provider
222Z00000X,1,"Respiratory, Developmental, Rehabilitative and Restorative Service Providers",Orthotist,Other provider
224900000X,1,"Respiratory, Developmental, Rehabilitative and Restorative Service Providers",Mastectomy Fitter,Other provider
224L00000X,1,"Respiratory, Developmental, Rehabilitative and Restorative Service Providers",Pedorthist,Other provider
224P00000X,1,"Respiratory, Developmental, Rehabilitative and Restorative Service Providers",Prosthetist,Other provider
224Y00000X,1,"Respiratory, Developmental, Rehabilitative and Restorative Service Providers",Clinical Exercise Physiologist,Other provider
224Z00000X,1,"Respiratory, Developmental, Rehabilitative and Restorative Service Providers",Occupational Therapy Assistant,Other provider
224ZE0001X,1,"Respiratory, Developmental, Rehabilitative and Restorative Service Providers",Occupational Therapy Assistant,Other provider
224ZF0002X,1,"Respiratory, Developmental, Rehabilitative and Restorative Service Providers",Occupational Therapy Assistant,Other provider
224ZL0004X,1,"Respiratory, Developmental, Rehabilitative and Restorative Service Providers",Occupational Therapy Assistant,Other provider
224ZR0403X,1,"Respiratory, Developmental, Rehabilitative and Restorative Service Providers",Occupational Therapy Assistant,Other provider
225000000X,1,"Respiratory, Developmental, Rehabilitative and Restorative Service Providers",Orthotic Fitter,Other provider
225100000X,1,"Respiratory, Developmental, Rehabilitative and Restorative Service Providers",Physical Therapist,Other provider
2251C2600X,1,"Respiratory, Developmental, Rehabilitative and Restorative Service Providers",Physical Therapist,Other provider
2251E1200X,1,"Respiratory, Developmental, Rehabilitative and Restorative Service Providers",Physical Therapist,Other provider
2251E1300X,1,"Respiratory, Developmental, Rehabilitative and Restorative Service Providers",Physical Therapist,Other provider
2251G0304X,1,"Respiratory, Developmental, Rehabilitative and Restorative Service Providers",Physical Therapist,Other provider
2251H1200X,1,"Respiratory, Developmental, Rehabilitative and Restorative Service Providers",Physical Therapist,Other provider
2251H1300X,1,"Respiratory, Developmental, Rehabilitative and Restorative Service Providers",Physical Therapist,Other provider
2251N0400X,1,"Respiratory, Developmental, Rehabilitative and Restorative Service Providers",Physical Therapist,Other provider
2251P0200X,1,"Respiratory, Developmental, Rehabilitative and Restorative Service Providers",Physical Therapist,Other provider
2251S0007X,1,"Respiratory, Developmental, Rehabilitative and Restorative Service Providers",Physical Therapist,Other provider
2251X0800X,1,"Respiratory, Developmental, Rehabilitative and Restorative Service Providers",Physical Therapist,Other provider
225200000X,1,"Respiratory, Developmental, Rehabilitative and Restorative Service Providers",Physical Therapy Assistant,Other provider
225400000X,1,"Respiratory, Developmental, Rehabilitative and Restorative Service Providers",Rehabilitation Practitioner,Other provider
225500000X,1,"Respiratory, Developmental, Rehabilitative and Restorative Service Providers",Specialist/Technologist,Other provider
2255A2300X,1,"Respiratory, Developmental, Rehabilitative and Restorative Service Providers",Specialist/Technologist,Other provider
2255R0406X,1,"Respiratory, Developmental, Rehabilitative and Restorative Service Providers",Specialist/Technologist,Other provider
225600000X,1,"Respiratory, Developmental, Rehabilitative and Restorative Service Providers",Dance Therapist,Other provider
225700000X,1,"Respiratory, Developmental, Rehabilitative and Restorative Service Providers",Massage Therapist,Other provider
225800000X,1,"Respiratory, Developmental, Rehabilitative and Restorative Service Providers",Recreation Therapist,Other provider
225A00000X,1,"Respiratory, Developmental, Rehabilitative and Restorative Service Providers",Music Therapist,Other provider
225B00000X,1,"Respiratory, Developmental, Rehabilitative and Restorative Service Providers",Pulmonary Function Technologist,Other provider
225C00000X,1,"Respiratory, Developmental, Rehabilitative and Restorative Service Providers",Rehabilitation Counselor,Other provider
225CA2400X,1,"Respiratory, Developmental, Rehabilitative and Restorative Service Providers",Rehabilitation Counselor,Other provider
225CA2500X,1,"Respiratory, Developmental, Rehabilitative and Restorative Service Providers",Rehabilitation Counselor,Other provider
225CX0006X,1,"Respiratory, Developmental, Rehabilitative and Restorative Service Providers",Rehabilitation Counselor,Other provider
225X00000X,1,"Respiratory, Developmental, Rehabilitative and Restorative Service Providers",Occupational Therapist,Other provider
225XE0001X,1,"Respiratory, Developmental, Rehabilitative and Restorative Service Providers",Occupational Therapist,Other provider
225XE1200X,1,"Respiratory, Developmental, Rehabilitative and Restorative Service Providers",Occupational Therapist,Other provider
225XF0002X,1,"Respiratory, Developmental, Rehabilitative and Restorative Service Providers",Occupational Therapist,Other provider
225XG0600X,1,"Respiratory, Developmental, Rehabilitative and Restorative Service Providers",Occupational Therapist,Other provider
225XH1200X,1,"Respiratory, Developmental, Rehabilitative and Restorative Service Providers",Occupational Therapist,Other provider
225XH1300X,1,"Respiratory, Developmental, Rehabilitative and Restorative Service Providers",Occupational Therapist,Other provider
225XL0004X,1,"Respiratory, Developmental, Rehabilitative and Restorative Service Providers",Occupational Therapist,Other provider
225XM0800X,1,"Respiratory, Developmental, Rehabilitative and Restorative Service Providers",Occupational Therapist,Other provider
225XN1300X,1,"Respiratory, Developmental, Rehabilitative and Restorative Service Providers",Occupational Therapist,Other provider
225XP0019X,1,"Respiratory, Developmental, Rehabilitative and Restorative Service Providers",Occupational Therapist,Other provider
225XP0200X,1,"Respiratory, Developmental, Rehabilitative and Restorative Service Providers",Occupational Therapist,Other provider
225XR0403X,1,"Respiratory, Developmental, Rehabilitative and Restorative Service Providers",Occupational Therapist,Other provider
226000000X,1,"Respiratory, Developmental, Rehabilitative and Restorative Service Providers",Recreational Therapist Assistant,Other provider
226300000X,1,"Respiratory, Developmental, Rehabilitative and Restorative Service Providers",Kinesiotherapist,Other provider
227800000X,1,"Respiratory, Developmental, Rehabilitative and Restorative Service Providers","Respiratory Therapist, Certified",Other provider
2278C0205X,1,"Respiratory, Developmental, Rehabilitative and Restorative Service Providers","Respiratory Therapist, Certified",Other provider
2278E0002X,1,"Respiratory, Developmental, Rehabilitative and Restorative Service Providers","Respiratory Therapist, Certified",Other provider
2278E1000X,1,"Respiratory, Developmental, Rehabilitative and Restorative Service Providers","Respiratory Therapist, Certified",Other provider
2278G0305X,1,"Respiratory, Developmental, Rehabilitative and Restorative Service Providers","Respiratory Therapist, Certified",Other provider
2278G1100X,1,"Respiratory, Developmental, Rehabilitative and Restorative Service Providers","Respiratory Therapist, Certified",Other provider
2278H0200X,1,"Respiratory, Developmental, Rehabilitative and Restorative Service Providers","Respiratory Therapist, Certified",Other provider
2278P1004X,1,"Respiratory, Developmental, Rehabilitative and Restorative Service Providers","Respiratory Therapist, Certified",Other provider
2278P1005X,1,"Respiratory, Developmental, Rehabilitative and Restorative Service Providers","Respiratory Therapist, Certified",Other provider
2278P1006X,1,"Respiratory, Developmental, Rehabilitative and Restorative Service Providers","Respiratory Therapist, Certified",Other provider
2278P3800X,1,"Respiratory, Developmental, Rehabilitative and Restorative Service Providers","Respiratory Therapist, Certified",Other provider
2278P3900X,1,"Respiratory, Developmental, Rehabilitative and Restorative Service Providers","Respiratory Therapist, Certified",Other provider
2278P4000X,1,"Respiratory, Developmental, Rehabilitative and Restorative Service Providers","Respiratory Therapist, Certified",Other provider
2278S1500X,1,"Respiratory, Developmental, Rehabilitative and Restorative Service Providers","Respiratory Therapist, Certified",Other provider
227900000X,1,"Respiratory, Developmental, Rehabilitative and Restorative Service Providers","Respiratory Therapist, Registered",Other provider
2279C0205X,1,"Respiratory, Developmental, Rehabilitative and Restorative Service Providers","Respiratory Therapist, Registered",Other provider
2279E0002X,1,"Respiratory, Developmental, Rehabilitative and Restorative Service Providers","Respiratory Therapist, Registered",Other provider
2279E1000X,1,"Respiratory, Developmental, Rehabilitative and Restorative Service Providers","Respiratory Therapist, Registered",Other provider
2279G0305X,1,"Respiratory, Developmental, Rehabilitative and Restorative Service Providers","Respiratory Therapist, Registered",Other provider
2279G1100X,1,"Respiratory, Developmental, Rehabilitative and Restorative Service Providers","Respiratory Therapist, Registered",Other provider
2279H0200X,1,"Respiratory, Developmental, Rehabilitative and Restorative Service Providers","Respiratory Therapist, Registered",Other provider
2279P1004X,1,"Respiratory, Developmental, Rehabilitative and Restorative Service Providers","Respiratory Therapist, Registered",Other provider
2279P1005X,1,"Respiratory, Developmental, Rehabilitative and Restorative Service Providers","Respiratory Therapist, Registered",Other provider
2279P1006X,1,"Respiratory, Developmental, Rehabilitative and Restorative Service Providers","Respiratory Therapist, Registered",Other provider
2279P3800X,1,"Respiratory, Developmental, Rehabilitative and Restorative Service Providers","Respiratory Therapist, Registered",Other provider
2279P3900X,1,"Respiratory, Developmental, Rehabilitative and Restorative Service Providers","Respiratory Therapist, Registered",Other provider
2279P4000X,1,"Respiratory, Developmental, Rehabilitative and Restorative Service Providers","Respiratory Therapist, Registered",Other provider
2279S1500X,1,"Respiratory, Developmental, Rehabilitative and Restorative Service Providers","Respiratory Therapist, Registered",Other provider
229N00000X,1,"Respiratory, Developmental, Rehabilitative and Restorative Service Providers",Anaplastologist,Other provider
231H00000X,1,"Speech, Language and Hearing Service Providers",Audiologist,Other provider
231HA2400X,1,"Speech, Language and Hearing Service Providers",Audiologist,Other provider
231HA2500X,1,"Speech, Language and Hearing Service Providers",Audiologist,Other provider
235500000X,1,"Speech, Language and Hearing Service Providers",Specialist/Technologist,Other provider
2355A2700X,1,"Speech, Language and Hearing Service Providers",Specialist/Technologist,Other provider
2355S0801X,1,"Speech, Language and Hearing Service Providers",Specialist/Technologist,Other provider
235Z00000X,1,"Speech, Language and Hearing Service Providers",Speech-Language Pathologist,Other provider
237600000X,1,"Speech, Language and Hearing Service Providers",Audiologist-Hearing Aid Fitter,Other provider
237700000X,1,"Speech, Language and Hearing Service Providers",Hearing Instrument Specialist,Other provider
242T00000X,1,"Technologists, Technicians & Other Technical Service Providers",Perfusionist,Other provider
243U00000X,1,"Technologists, Technicians & Other Technical Service Providers",Radiology Practitioner Assistant,Other provider
246Q00000X,1,"Technologists, Technicians & Other Technical Service Providers","Spec/Tech, Pathology",Other provider
246QB0000X,1,"Technologists, Technicians & Other Technical Service Providers","Spec/Tech, Pathology",Other provider
246QC1000X,1,"Technologists, Technicians & Other Technical Service Providers","Spec/Tech, Pathology",Other provider
246QC2700X,1,"Technologists, Technicians & Other Technical Service Providers","Spec/Tech, Pathology",Other provider
246QH0000X,1,"Technologists, Technicians & Other Technical Service Providers","Spec/Tech, Pathology",Other provider
246QH0401X,1,"Technologists, Technicians & Other Technical Service Providers","Spec/Tech, Pathology",Other provider
246QH0600X,1,"Technologists, Technicians & Other Technical Service Providers","Spec/Tech, Pathology",Other provider
246QI0000X,1,"Technologists, Technicians & Other Technical Service Providers","Spec/Tech, Pathology",Other provider
246QL0900X,1,"Technologists, Technicians & Other Technical Service Providers","Spec/Tech, Pathology",Other provider
246QL0901X,1,"Technologists, Technicians & Other Technical Service Providers","Spec/Tech, Pathology",Other provider
246QM0706X,1,"Technologists, Technicians & Other Technical Service Providers","Spec/Tech, Pathology",Other provider
246QM0900X,1,"Technologists, Technicians & Other Technical Service Providers","Spec/Tech, Pathology",Other provider
246R00000X,1,"Technologists, Technicians & Other Technical Service Providers","Technician, Pathology",Other provider
246RH0600X,1,"Technologists, Technicians & Other Technical Service Providers","Technician, Pathology",Other provider
246RM2200X,1,"Technologists, Technicians & Other Technical Service Providers","Technician, Pathology",Other provider
246RP1900X,1,"Technologists, Technicians & Other Technical Service Providers","Technician, Pathology",Other provider
246W00000X,1,"Technologists, Technicians & Other Technical Service Providers","Technician, Cardiology",Other provider
246X00000X,1,"Technologists, Technicians & Other Technical Service Providers","Spec/Tech, Cardiovascular",Other provider
246XC2901X,1,"Technologists, Technicians & Other Technical Service Providers","Spec/Tech, Cardiovascular",Other provider
246XC2903X,1,"Technologists, Technicians & Other Technical Service Providers","Spec/Tech, Cardiovascular",Other provider
246XS1301X,1,"Technologists, Technicians & Other Technical Service Providers","Spec/Tech, Cardiovascular",Other provider
246Y00000X,1,"Technologists, Technicians & Other Technical Service Providers","Spec/Tech, Health Info",Other provider
246YC3301X,1,"Technologists, Technicians & Other Technical Service Providers","Spec/Tech, Health Info",Other provider
246YC3302X,1,"Technologists, Technicians & Other Technical Service Providers","Spec/Tech, Health Info",Other provider
246YR1600X,1,"Technologists, Technicians & Other Technical Service Providers","Spec/Tech, Health Info",Other provider
246Z00000X,1,"Technologists, Technicians & Other Technical Service Providers","Specialist/Technologist, Other",Other provider
246ZA2600X,1,"Technologists, Technicians & Other Technical Service Providers","Specialist/Technologist, Other",Other provider
246ZB0301X,1,"Technologists, Technicians & Other Technical Service Providers","Specialist/Technologist, Other",Other provider
246ZB0302X,1,"Technologists, Technicians & Other Technical Service Providers","Specialist/Technologist, Other",Other provider
246ZB0500X,1,"Technologists, Technicians & Other Technical Service Providers","Specialist/Technologist, Other",Other provider
246ZB0600X,1,"Technologists, Technicians & Other Technical Service Providers","Specialist/Technologist, Other",Other provider
246ZC0007X,1,"Technologists, Technicians & Other Technical Service Providers","Specialist/Technologist, Other",Other provider
246ZE0500X,1,"Technologists, Technicians & Other Technical Service Providers","Specialist/Technologist, Other",Other provider
246ZE0600X,1,"Technologists, Technicians & Other Technical Service Providers","Specialist/Technologist, Other",Other provider
246ZG0701X,1,"Technologists, Technicians & Other Technical Service Providers","Specialist/Technologist, Other",Other provider
246ZG1000X,1,"Technologists, Technicians & Other Technical Service Providers","Specialist/Technologist, Other",Other provider
246ZI1000X,1,"Technologists, Technicians & Other Technical Service Providers","Specialist/Technologist, Other",Other provider
246ZN0300X,1,"Technologists, Technicians & Other Technical Service Providers","Specialist/Technologist, Other",Other provider
246ZS0410X,1,"Technologists, Technicians & Other Technical Service Providers","Specialist/Technologist, Other",Other provider
246ZX2200X,1,"Technologists, Technicians & Other Technical Service Providers","Specialist/Technologist, Other",Other provider
247000000X,1,"Technologists, Technicians & Other Technical Service Providers","Technician, Health Information",Other provider
2470A2800X,1,"Technologists, Technicians & Other Technical Service Providers","Technician, Health Information",Other provider
247100000X,1,"Technologists, Technicians & Other Technical Service Providers",Radiologic Technologist,Other provider
2471B0102X,1,"Technologists, Technicians & Other Technical Service Providers",Radiologic Technologist,Other provider
2471C1101X,1,"Technologists, Technicians & Other Technical Service Providers",Radiologic Technologist,Other provider
2471C1106X,1,"Technologists, Technicians & Other Technical Service Providers",Radiologic Technologist,Other provider
2471C3401X,1,"Technologists, Technicians & Other Technical Service Providers",Radiologic Technologist,Other provider
2471C3402X,1,"Technologists, Technicians & Other Technical Service Providers",Radiologic Technologist,Other provider
2471M1202X,1,"Technologists, Technicians & Other Technical Service Providers",Radiologic Technologist,Other provider
2471M2300X,1,"Technologists, Technicians & Other Technical Service Providers",Radiologic Technologist,Other provider
2471N0900X,1,"Technologists, Technicians & Other Technical Service Providers",Radiologic Technologist,Other provider
2471Q0001X,1,"Technologists, Technicians & Other Technical Service Providers",Radiologic Technologist,Other provider
2471R0002X,1,"Technologists, Technicians & Other Technical Service Providers",Radiologic Technologist,Other provider
2471S1302X,1,"Technologists, Technicians & Other Technical Service Providers",Radiologic Technologist,Other provider
2471V0105X,1,"Technologists, Technicians & Other Technical Service Providers",Radiologic Technologist,Other provider
2471V0106X,1,"Technologists, Technicians & Other Technical Service Providers",Radiologic Technologist,Other provider
247200000X,1,"Technologists, Technicians & Other Technical Service Providers","Technician, Other",Other provider
2472B0301X,1,"Technologists, Technicians & Other Technical Service Providers","Technician, Other",Other provider
2472D0500X,1,"Technologists, Technicians & Other Technical Service Providers","Technician, Other",Other provider
2472E0500X,1,"Technologists, Technicians & Other Technical Service Providers","Technician, Other",Other provider
2472R0900X,1,"Technologists, Technicians & Other Technical Service Providers","Technician, Other",Other provider
2472V0600X,1,"Technologists, Technicians & Other Technical Service Providers","Technician, Other",Other provider
247ZC0005X,1,"Technologists, Technicians & Other Technical Service Providers",Pathology,0
251300000X,0,Agencies,Local Education Agency (LEA),
251B00000X,0,Agencies,Case Management,
251C00000X,0,Agencies,"Day Training, Developmentally Disabled Services",
251E00000X,0,Agencies,Home Health,
251F00000X,0,Agencies,Home Infusion,
251G00000X,0,Agencies,"Hospice Care, Community Based",
251J00000X,0,Agencies,Nursing Care,
251K00000X,0,Agencies,Public Health or Welfare,
251S00000X,0,Agencies,Community/Behavioral Health,
251T00000X,0,Agencies,PACE Provider Organization,
251V00000X,0,Agencies,Voluntary or Charitable,
251X00000X,0,Agencies,Supports Brokerage,
252Y00000X,0,Agencies,Early Intervention Provider Agency,
253J00000X,0,Agencies,Foster Care Agency,
253Z00000X,0,Agencies,In Home Supportive Care,
261Q00000X,0,Ambulatory Health Care Facilities,Clinic/Center,
261QA0005X,0,Ambulatory Health Care Facilities,Clinic/Center,
261QA0006X,0,Ambulatory Health Care Facilities,Clinic/Center,
261QA0600X,0,Ambulatory Health Care Facilities,Clinic/Center,
261QA0900X,0,Ambulatory Health Care Facilities,Clinic/Center,
261QA1903X,0,Ambulatory Health Care Facilities,Clinic/Center,
261QA3000X,0,Ambulatory Health Care Facilities,Clinic/Center,
261QB0400X,0,Ambulatory Health Care Facilities,Clinic/Center,
261QC0050X,0,Ambulatory Health Care Facilities,Clinic/Center,
261QC1500X,0,Ambulatory Health Care Facilities,Clinic/Center,
261QC1800X,0,Ambulatory Health Care Facilities,Clinic/Center,
261QD0000X,0,Ambulatory Health Care Facilities,Clinic/Center,
261QD1600X,0,Ambulatory Health Care Facilities,Clinic/Center,
261QE0002X,0,Ambulatory Health Care Facilities,Clinic/Center,
261QE0700X,0,Ambulatory Health Care Facilities,Clinic/Center,
261QE0800X,0,Ambulatory Health Care Facilities,Clinic/Center,
261QF0050X,0,Ambulatory Health Care Facilities,Clinic/Center,
261QF0400X,0,Ambulatory Health Care Facilities,Clinic/Center,
261QG0250X,0,Ambulatory Health Care Facilities,Clinic/Center,
261QH0100X,0,Ambulatory Health Care Facilities,Clinic/Center,
261QH0700X,0,Ambulatory Health Care Facilities,Clinic/Center,
261QI0500X,0,Ambulatory Health Care Facilities,Clinic/Center,
261QL0400X,0,Ambulatory Health Care Facilities,Clinic/Center,
261QM0801X,0,Ambulatory Health Care Facilities,Clinic/Center,
261QM0850X,0,Ambulatory Health Care Facilities,Clinic/Center,
261QM0855X,0,Ambulatory Health Care Facilities,Clinic/Center,
261QM1000X,0,Ambulatory Health Care Facilities,Clinic/Center,
261QM1100X,0,Ambulatory Health Care Facilities,Clinic/Center,
261QM1101X,0,Ambulatory Health Care Facilities,Clinic/Center,
261QM1102X,0,Ambulatory Health Care Facilities,Clinic/Center,
261QM1103X,0,Ambulatory Health Care Facilities,Clinic/Center,
261QM1200X,0,Ambulatory Health Care Facilities,Clinic/Center,
261QM1300X,0,Ambulatory Health Care Facilities,Clinic/Center,
261QM2500X,0,Ambulatory Health Care Facilities,Clinic/Center,
261QM2800X,0,Ambulatory Health Care Facilities,Clinic/Center,
261QM3000X,0,Ambulatory Health Care Facilities,Clinic/Center,
261QP0904X,0,Ambulatory Health Care Facilities,Clinic/Center,
261QP0905X,0,Ambulatory Health Care Facilities,Clinic/Center,
261QP1100X,0,Ambulatory Health Care Facilities,Clinic/Center,
261QP2000X,0,Ambulatory Health Care Facilities,Clinic/Center,
261QP2300X,0,Ambulatory Health Care Facilities,Clinic/Center,
261QP2400X,0,Ambulatory Health Care Facilities,Clinic/Center,
261QP3300X,0,Ambulatory Health Care Facilities,Clinic/Center,
261QR0200X,0,Ambulatory Health Care Facilities,Clinic/Center,
261QR0206X,0,Ambulatory Health Care Facilities,Clinic/Center,
261QR0207X,0,Ambulatory Health Care Facilities,Clinic/Center,
261QR0208X,0,Ambulatory Health Care Facilities,Clinic/Center,
261QR0400X,0,Ambulatory Health Care Facilities,Clinic/Center,
261QR0401X,0,Ambulatory Health Care Facilities,Clinic/Center,
261QR0404X,0,Ambulatory Health Care Facilities,Clinic/Center,
261QR0405X,0,Ambulatory Health Care Facilities,Clinic/Center,
261QR0800X,0,Ambulatory Health Care Facilities,Clinic/Center,
261QR1100X,0,Ambulatory Health Care Facilities,Clinic/Center,
261QR1300X,0,Ambulatory Health Care Facilities,Clinic/Center,
261QS0112X,0,Ambulatory Health Care Facilities,Clinic/Center,
261QS0132X,0,Ambulatory Health Care Facilities,Clinic/Center,
261QS1000X,0,Ambulatory Health Care Facilities,Clinic/Center,
261QS1200X,0,Ambulatory Health Care Facilities,Clinic/Center,
261QU0200X,0,Ambulatory Health Care Facilities,Clinic/Center,
261QV0200X,0,Ambulatory Health Care Facilities,Clinic/Center,
261QX0100X,0,Ambulatory Health Care Facilities,Clinic/Center,
261QX0200X,0,Ambulatory Health Care Facilities,Clinic/Center,
261QX0203X,0,Ambulatory Health Care Facilities,Clinic/Center,
273100000X,0,Hospital Units,Epilepsy Unit,
273R00000X,0,Hospital Units,Psychiatric Unit,
273Y00000X,0,Hospital Units,Rehabilitation Unit,
275N00000X,0,Hospital Units,Medicare Defined Swing Bed Unit,
276400000X,0,Hospital Units,"Rehabilitation, Substance Use Disorder Unit",
281P00000X,0,Hospitals,Chronic Disease Hospital,
281PC2000X,0,Hospitals,Chronic Disease Hospital,
282E00000X,0,Hospitals,Long Term Care Hospital,
282J00000X,0,Hospitals,Religious Nonmedical Health Care Institution,
282N00000X,0,Hospitals,General Acute Care Hospital,
282NC0060X,0,Hospitals,General Acute Care Hospital,
282NC2000X,0,Hospitals,General Acute Care Hospital,
282NR1301X,0,Hospitals,General Acute Care Hospital,
282NW0100X,0,Hospitals,General Acute Care Hospital,
283Q00000X,0,Hospitals,Psychiatric Hospital,
283X00000X,0,Hospitals,Rehabilitation Hospital,
283XC2000X,0,Hospitals,Rehabilitation Hospital,
284300000X,0,Hospitals,Special Hospital,
286500000X,0,Hospitals,Military Hospital,
2865C1500X,0,Hospitals,Military Hospital,
2865M2000X,0,Hospitals,Military Hospital,
2865X1600X,0,Hospitals,Military Hospital,
287300000X,0,Hospitals,Christian Science Sanitorium,
291900000X,0,Laboratories,Military Clinical Medical Laboratory,
291U00000X,0,Laboratories,Clinical Medical Laboratory,
292200000X,0,Laboratories,Dental Laboratory,
293D00000X,0,Laboratories,Physiological Laboratory,
302F00000X,0,Managed Care Organizations,Exclusive Provider Organization,
302R00000X,0,Managed Care Organizations,Health Maintenance Organization,
305R00000X,0,Managed Care Organizations,Preferred Provider Organization,
305S00000X,0,Managed Care Organizations,Point of Service,
310400000X,0,Nursing & Custodial Care Facilities,Assisted Living Facility,
3104A0625X,0,Nursing & Custodial Care Facilities,Assisted Living Facility,
3104A0630X,0,Nursing & Custodial Care Facilities,Assisted Living Facility,
310500000X,0,Nursing & Custodial Care Facilities,"Intermediate Care Facility, Mental Illness",
311500000X,0,Nursing & Custodial Care Facilities,Alzheimer Center (Dementia Center),
311Z00000X,0,Nursing & Custodial Care Facilities,Custodial Care Facility,
311ZA0620X,0,Nursing & Custodial Care Facilities,Custodial Care Facility,
313M00000X,0,Nursing & Custodial Care Facilities,Nursing Facility/Intermediate Care Facility,
314000000X,0,Nursing & Custodial Care Facilities,Skilled Nursing Facility,
3140N1450X,0,Nursing & Custodial Care Facilities,Skilled Nursing Facility,
315D00000X,0,Nursing & Custodial Care Facilities,"Hospice, Inpatient",
315P00000X,0,Nursing & Custodial Care Facilities,"Intermediate Care Facility, Mentally Retarded",
317400000X,0,Nursing & Custodial Care Facilities,Christian Science Facility,
320600000X,0,Residential Treatment Facilities,"Residential Treatment Facility, Mental Retardation and/or Developmental Disabilities",
320700000X,0,Residential Treatment Facilities,"Residential Treatment Facility, Physical Disabilities",
320800000X,0,Residential Treatment Facilities,"Community Based Residential Treatment Facility, Mental Illness",
320900000X,0,Residential Treatment Facilities,"Community Based Residential Treatment, Mental Retardation and/or Developmental Disabilities",
322D00000X,0,Residential Treatment Facilities,"Residential Treatment Facility, Emotionally Disturbed Children",
323P00000X,0,Residential Treatment Facilities,Psychiatric Residential Treatment Facility,
324500000X,0,Residential Treatment Facilities,Substance Abuse Rehabilitation Facility,
3245S0500X,0,Residential Treatment Facilities,Substance Abuse Rehabilitation Facility,
331L00000X,0,Suppliers,Blood Bank,
332000000X,0,Suppliers,Military/U.S. Coast Guard Pharmacy,
332100000X,0,Suppliers,Department of Veterans Affairs (VA) Pharmacy,
332800000X,0,Suppliers,Indian Health Service/Tribal/Urban Indian Health (I/T/U) Pharmacy,
332900000X,0,Suppliers,Non-Pharmacy Dispensing Site,
332B00000X,0,Suppliers,Durable Medical Equipment & Medical Supplies,
332BC3200X,0,Suppliers,Durable Medical Equipment & Medical Supplies,
332BD1200X,0,Suppliers,Durable Medical Equipment & Medical Supplies,
332BN1400X,0,Suppliers,Durable Medical Equipment & Medical Supplies,
332BP3500X,0,Suppliers,Durable Medical Equipment & Medical Supplies,
332BX2000X,0,Suppliers,Durable Medical Equipment & Medical Supplies,
332G00000X,0,Suppliers,Eye Bank,
332H00000X,0,Suppliers,"Eyewear Supplier (Equipment, not the service)",
332S00000X,0,Suppliers,Hearing  Aid Equipment,
332U00000X,0,Suppliers,Home Delivered Meals,
333300000X,0,Suppliers,Emergency Response System Companies,
333600000X,0,Suppliers,Pharmacy,
3336C0002X,0,Suppliers,Pharmacy,
3336C0003X,0,Suppliers,Pharmacy,
3336C0004X,0,Suppliers,Pharmacy,
3336H0001X,0,Suppliers,Pharmacy,
3336I0012X,0,Suppliers,Pharmacy,
3336L0003X,0,Suppliers,Pharmacy,
3336M0002X,0,Suppliers,Pharmacy,
3336M0003X,0,Suppliers,Pharmacy,
3336N0007X,0,Suppliers,Pharmacy,
3336S0011X,0,Suppliers,Pharmacy,
335E00000X,0,Suppliers,Prosthetic/Orthotic Supplier,
335G00000X,0,Suppliers,Medical Foods Supplier,
335U00000X,0,Suppliers,Organ Procurement Organization,
335V00000X,0,Suppliers,Portable X-ray and/or Other Portable Diagnostic Imaging Supplier,
341600000X,0,Transportation Services,Ambulance,
3416A0800X,0,Transportation Services,Ambulance,
3416L0300X,0,Transportation Services,Ambulance,
3416S0300X,0,Transportation Services,Ambulance,
341800000X,0,Transportation Services,Military/U.S. Coast Guard Transport,
3418M1110X,0,Transportation Services,Military/U.S. Coast Guard Transport,
3418M1120X,0,Transportation Services,Military/U.S. Coast Guard Transport,
3418M1130X,0,Transportation Services,Military/U.S. Coast Guard Transport,
343800000X,0,Transportation Services,Secured Medical Transport (VAN),
343900000X,0,Transportation Services,Non-emergency Medical Transport (VAN),
344600000X,0,Transportation Services,Taxi,
344800000X,0,Transportation Services,Air Carrier,
347B00000X,0,Transportation Services,Bus,
347C00000X,0,Transportation Services,Private Vehicle,
347D00000X,0,Transportation Services,Train,
347E00000X,0,Transportation Services,Transportation Broker,
363A00000X,1,Physician Assistants & Advanced Practice Nursing Providers,Physician Assistant,APP
363AM0700X,1,Physician Assistants & Advanced Practice Nursing Providers,Physician Assistant,APP
363AS0400X,1,Physician Assistants & Advanced Practice Nursing Providers,Physician Assistant,APP
363L00000X,1,Physician Assistants & Advanced Practice Nursing Providers,Nurse Practitioner,APP
363LA2100X,1,Physician Assistants & Advanced Practice Nursing Providers,Nurse Practitioner,APP
363LA2200X,1,Physician Assistants & Advanced Practice Nursing Providers,Nurse Practitioner,APP
363LC0200X,1,Physician Assistants & Advanced Practice Nursing Providers,Nurse Practitioner,APP
363LC1500X,1,Physician Assistants & Advanced Practice Nursing Providers,Nurse Practitioner,APP
363LF0000X,1,Physician Assistants & Advanced Practice Nursing Providers,Nurse Practitioner,APP
363LG0600X,1,Physician Assistants & Advanced Practice Nursing Providers,Nurse Practitioner,APP
363LN0000X,1,Physician Assistants & Advanced Practice Nursing Providers,Nurse Practitioner,APP
363LN0005X,1,Physician Assistants & Advanced Practice Nursing Providers,Nurse Practitioner,APP
363LP0200X,1,Physician Assistants & Advanced Practice Nursing Providers,Nurse Practitioner,APP
363LP0222X,1,Physician Assistants & Advanced Practice Nursing Providers,Nurse Practitioner,APP
363LP0808X,1,Physician Assistants & Advanced Practice Nursing Providers,Nurse Practitioner,APP
363LP1700X,1,Physician Assistants & Advanced Practice Nursing Providers,Nurse Practitioner,APP
363LP2300X,1,Physician Assistants & Advanced Practice Nursing Providers,Nurse Practitioner,APP
363LS0200X,1,Physician Assistants & Advanced Practice Nursing Providers,Nurse Practitioner,APP
363LW0102X,1,Physician Assistants & Advanced Practice Nursing Providers,Nurse Practitioner,APP
363LX0001X,1,Physician Assistants & Advanced Practice Nursing Providers,Nurse Practitioner,APP
363LX0106X,1,Physician Assistants & Advanced Practice Nursing Providers,Nurse Practitioner,APP
364S00000X,1,Physician Assistants & Advanced Practice Nursing Providers,Clinical Nurse Specialist,APP
364SA2100X,1,Physician Assistants & Advanced Practice Nursing Providers,Clinical Nurse Specialist,APP
364SA2200X,1,Physician Assistants & Advanced Practice Nursing Providers,Clinical Nurse Specialist,APP
364SC0200X,1,Physician Assistants & Advanced Practice Nursing Providers,Clinical Nurse Specialist,APP
364SC1501X,1,Physician Assistants & Advanced Practice Nursing Providers,Clinical Nurse Specialist,APP
364SC2300X,1,Physician Assistants & Advanced Practice Nursing Providers,Clinical Nurse Specialist,APP
364SE0003X,1,Physician Assistants & Advanced Practice Nursing Providers,Clinical Nurse Specialist,APP
364SE1400X,1,Physician Assistants & Advanced Practice Nursing Providers,Clinical Nurse Specialist,APP
364SF0001X,1,Physician Assistants & Advanced Practice Nursing Providers,Clinical Nurse Specialist,APP
364SG0600X,1,Physician Assistants & Advanced Practice Nursing Providers,Clinical Nurse Specialist,APP
364SH0200X,1,Physician Assistants & Advanced Practice Nursing Providers,Clinical Nurse Specialist,APP
364SH1100X,1,Physician Assistants & Advanced Practice Nursing Providers,Clinical Nurse Specialist,APP
364SI0800X,1,Physician Assistants & Advanced Practice Nursing Providers,Clinical Nurse Specialist,APP
364SL0600X,1,Physician Assistants & Advanced Practice Nursing Providers,Clinical Nurse Specialist,APP
364SM0705X,1,Physician Assistants & Advanced Practice Nursing Providers,Clinical Nurse Specialist,APP
364SN0000X,1,Physician Assistants & Advanced Practice Nursing Providers,Clinical Nurse Specialist,APP
364SN0800X,1,Physician Assistants & Advanced Practice Nursing Providers,Clinical Nurse Specialist,APP
364SP0200X,1,Physician Assistants & Advanced Practice Nursing Providers,Clinical Nurse Specialist,APP
364SP0807X,1,Physician Assistants & Advanced Practice Nursing Providers,Clinical Nurse Specialist,APP
364SP0808X,1,Physician Assistants & Advanced Practice Nursing Providers,Clinical Nurse Specialist,APP
364SP0809X,1,Physician Assistants & Advanced Practice Nursing Providers,Clinical Nurse Specialist,APP
364SP0810X,1,Physician Assistants & Advanced Practice Nursing Providers,Clinical Nurse Specialist,APP
364SP0811X,1,Physician Assistants & Advanced Practice Nursing Providers,Clinical Nurse Specialist,APP
364SP0812X,1,Physician Assistants & Advanced Practice Nursing Providers,Clinical Nurse Specialist,APP
364SP0813X,1,Physician Assistants & Advanced Practice Nursing Providers,Clinical Nurse Specialist,APP
364SP1700X,1,Physician Assistants & Advanced Practice Nursing Providers,Clinical Nurse Specialist,APP
364SP2800X,1,Physician Assistants & Advanced Practice Nursing Providers,Clinical Nurse Specialist,APP
364SR0400X,1,Physician Assistants & Advanced Practice Nursing Providers,Clinical Nurse Specialist,APP
364SS0200X,1,Physician Assistants & Advanced Practice Nursing Providers,Clinical Nurse Specialist,APP
364ST0500X,1,Physician Assistants & Advanced Practice Nursing Providers,Clinical Nurse Specialist,APP
364SW0102X,1,Physician Assistants & Advanced Practice Nursing Providers,Clinical Nurse Specialist,APP
364SX0106X,1,Physician Assistants & Advanced Practice Nursing Providers,Clinical Nurse Specialist,APP
364SX0200X,1,Physician Assistants & Advanced Practice Nursing Providers,Clinical Nurse Specialist,APP
364SX0204X,1,Physician Assistants & Advanced Practice Nursing Providers,Clinical Nurse Specialist,APP
367500000X,1,Physician Assistants & Advanced Practice Nursing Providers,"Nurse Anesthetist, Certified Registered",APP
367A00000X,1,Physician Assistants & Advanced Practice Nursing Providers,Advanced Practice Midwife,0
367H00000X,1,Physician Assistants & Advanced Practice Nursing Providers,Anesthesiologist Assistant,Other provider
372500000X,1,Nursing Service Related Providers,Chore Provider,Other provider
372600000X,1,Nursing Service Related Providers,Adult Companion,Other provider
373H00000X,1,Nursing Service Related Providers,Day Training/Habilitation Specialist,Other provider
374700000X,1,Nursing Service Related Providers,Technician,Other provider
3747A0650X,1,Nursing Service Related Providers,Technician,Other provider
3747P1801X,1,Nursing Service Related Providers,Technician,Other provider
374J00000X,1,Nursing Service Related Providers,Doula,Other provider
374K00000X,1,Nursing Service Related Providers,Religious Nonmedical Practitioner,0
374T00000X,1,Nursing Service Related Providers,Religious Nonmedical Nursing Personnel,0
374U00000X,1,Nursing Service Related Providers,Home Health Aide,Other provider
376G00000X,1,Nursing Service Related Providers,Nursing Home Administrator,0
376J00000X,1,Nursing Service Related Providers,Homemaker,Other provider
376K00000X,1,Nursing Service Related Providers,Nurse's Aide,Other provider
385H00000X,0,Respite Care Facility,Respite Care,
385HR2050X,0,Respite Care Facility,Respite Care,
385HR2055X,0,Respite Care Facility,Respite Care,
385HR2060X,0,Respite Care Facility,Respite Care,
385HR2065X,0,Respite Care Facility,Respite Care,
390200000X,1,"Student, Health Care",Student in an Organized Health Care Education/Training Program,0
405300000X,1,Other Service Providers,Prevention Professional,Other provider
